language,language_name,metric,target,baseline,target_mean,baseline_mean,mean_diff,std_diff,ci_lower,ci_upper,p_value,significance,n,n_bootstrap
npi,Nepali,BLEU,EchoRefine_Hybrid,mBART,11.6707,11.2327,0.4379,4.9176,0.1594,0.7685,0.002,**,1012,1000
npi,Nepali,BLEU,EchoRefine_Hybrid,Llama_ZS,11.6707,9.6796,1.9911,9.3142,1.3922,2.5733,0.0,***,1012,1000
npi,Nepali,BLEU,EchoRefine_Hybrid,Llama_Direct,11.6707,10.334,1.3366,9.245,0.7367,1.9088,0.0,***,1012,1000
npi,Nepali,BLEU,EchoRefine_Hybrid,EchoRefine_Raw,11.6707,11.3876,0.2831,5.1257,-0.0413,0.5807,0.078,,1012,1000
npi,Nepali,CHRF,EchoRefine_Hybrid,mBART,49.8513,47.9272,1.9241,7.8196,1.4693,2.4429,0.0,***,1012,1000
npi,Nepali,CHRF,EchoRefine_Hybrid,Llama_ZS,49.8513,45.9566,3.8946,10.9208,3.2291,4.5799,0.0,***,1012,1000
npi,Nepali,CHRF,EchoRefine_Hybrid,Llama_Direct,49.8513,47.224,2.6273,11.4768,1.8548,3.3505,0.0,***,1012,1000
npi,Nepali,CHRF,EchoRefine_Hybrid,EchoRefine_Raw,49.8513,49.515,0.3363,5.6169,-0.004,0.7018,0.056,,1012,1000
ben,Bengali,BLEU,EchoRefine_Hybrid,mBART,7.7334,1.9988,5.7347,7.5632,5.2646,6.2023,0.0,***,1012,1000
ben,Bengali,BLEU,EchoRefine_Hybrid,Llama_ZS,7.7334,14.8198,-7.0864,10.7834,-7.7515,-6.47,0.0,***,1012,1000
ben,Bengali,BLEU,EchoRefine_Hybrid,Llama_Direct,7.7334,11.1748,-3.4414,8.1271,-3.934,-2.9732,0.0,***,1012,1000
ben,Bengali,BLEU,EchoRefine_Hybrid,EchoRefine_Raw,7.7334,8.6158,-0.8824,3.1247,-1.0755,-0.7114,0.0,***,1012,1000
ben,Bengali,CHRF,EchoRefine_Hybrid,mBART,39.752,31.4265,8.3255,12.7681,7.5312,9.1346,0.0,***,1012,1000
ben,Bengali,CHRF,EchoRefine_Hybrid,Llama_ZS,39.752,49.9725,-10.2205,11.1839,-10.891,-9.5174,0.0,***,1012,1000
ben,Bengali,CHRF,EchoRefine_Hybrid,Llama_Direct,39.752,45.0068,-5.2548,10.6016,-5.8575,-4.5981,0.0,***,1012,1000
ben,Bengali,CHRF,EchoRefine_Hybrid,EchoRefine_Raw,39.752,39.6752,0.0768,4.4613,-0.1821,0.3461,0.56,,1012,1000
sin,Sinhala,BLEU,EchoRefine_Hybrid,mBART,4.748,4.6089,0.1391,1.6585,0.0418,0.2416,0.006,**,1012,1000
sin,Sinhala,BLEU,EchoRefine_Hybrid,Llama_ZS,4.748,6.2919,-1.544,5.7092,-1.8959,-1.179,0.0,***,1012,1000
sin,Sinhala,BLEU,EchoRefine_Hybrid,Llama_Direct,4.748,5.5342,-0.7863,5.6222,-1.1513,-0.4273,0.0,***,1012,1000
sin,Sinhala,BLEU,EchoRefine_Hybrid,EchoRefine_Raw,4.748,3.7321,1.0159,3.8561,0.7927,1.2477,0.0,***,1012,1000
sin,Sinhala,CHRF,EchoRefine_Hybrid,mBART,30.1947,27.9129,2.2818,6.8247,1.8652,2.7312,0.0,***,1012,1000
sin,Sinhala,CHRF,EchoRefine_Hybrid,Llama_ZS,30.1947,32.7597,-2.565,11.6648,-3.2553,-1.7839,0.0,***,1012,1000
sin,Sinhala,CHRF,EchoRefine_Hybrid,Llama_Direct,30.1947,32.1887,-1.9939,12.5029,-2.6977,-1.2681,0.0,***,1012,1000
sin,Sinhala,CHRF,EchoRefine_Hybrid,EchoRefine_Raw,30.1947,26.4945,3.7002,9.0715,3.1584,4.2747,0.0,***,1012,1000
mya,Burmese,BLEU,EchoRefine_Hybrid,mBART,1.1386,1.1407,-0.0021,0.2341,-0.0153,0.012,0.76,,1012,1000
mya,Burmese,BLEU,EchoRefine_Hybrid,Llama_ZS,1.1386,2.3137,-1.1751,3.6277,-1.4033,-0.972,0.0,***,1012,1000
mya,Burmese,BLEU,EchoRefine_Hybrid,Llama_Direct,1.1386,2.3861,-1.2475,4.2225,-1.5016,-1.0007,0.0,***,1012,1000
mya,Burmese,BLEU,EchoRefine_Hybrid,EchoRefine_Raw,1.1386,1.2746,-0.136,2.9867,-0.3318,0.0441,0.142,,1012,1000
mya,Burmese,CHRF,EchoRefine_Hybrid,mBART,49.2896,49.3214,-0.0318,1.758,-0.1566,0.0638,0.578,,1012,1000
mya,Burmese,CHRF,EchoRefine_Hybrid,Llama_ZS,49.2896,28.844,20.4456,12.6291,19.7014,21.2359,0.0,***,1012,1000
mya,Burmese,CHRF,EchoRefine_Hybrid,Llama_Direct,49.2896,32.9244,16.3652,12.1043,15.6563,17.1144,0.0,***,1012,1000
mya,Burmese,CHRF,EchoRefine_Hybrid,EchoRefine_Raw,49.2896,24.7863,24.5033,10.8986,23.7774,25.1947,0.0,***,1012,1000
kor,Korean,BLEU,EchoRefine_Hybrid,mBART,11.0449,10.4331,0.6117,6.6111,0.232,1.0339,0.004,**,1012,1000
kor,Korean,BLEU,EchoRefine_Hybrid,Llama_ZS,11.0449,12.9538,-1.909,10.9879,-2.6088,-1.2115,0.0,***,1012,1000
kor,Korean,BLEU,EchoRefine_Hybrid,Llama_Direct,11.0449,10.8083,0.2365,10.0484,-0.4175,0.9011,0.434,,1012,1000
kor,Korean,BLEU,EchoRefine_Hybrid,EchoRefine_Raw,11.0449,9.9454,1.0995,7.4258,0.6373,1.565,0.0,***,1012,1000
kor,Korean,CHRF,EchoRefine_Hybrid,mBART,31.6203,30.3397,1.2805,8.6842,0.7921,1.7953,0.0,***,1012,1000
kor,Korean,CHRF,EchoRefine_Hybrid,Llama_ZS,31.6203,34.8884,-3.2681,12.4649,-4.0638,-2.5513,0.0,***,1012,1000
kor,Korean,CHRF,EchoRefine_Hybrid,Llama_Direct,31.6203,30.416,1.2043,12.8983,0.4166,2.0306,0.0,***,1012,1000
kor,Korean,CHRF,EchoRefine_Hybrid,EchoRefine_Raw,31.6203,29.6269,1.9934,8.8565,1.4223,2.5521,0.0,***,1012,1000
tam,Tamil,BLEU,EchoRefine_Hybrid,mBART,10.0356,9.7393,0.2964,4.149,0.0386,0.5529,0.018,*,1012,1000
tam,Tamil,BLEU,EchoRefine_Hybrid,Llama_ZS,10.0356,11.8742,-1.8386,10.2755,-2.4153,-1.2223,0.0,***,1012,1000
tam,Tamil,BLEU,EchoRefine_Hybrid,Llama_Direct,10.0356,11.3265,-1.2909,9.8119,-1.8962,-0.6723,0.0,***,1012,1000
tam,Tamil,BLEU,EchoRefine_Hybrid,EchoRefine_Raw,10.0356,8.1822,1.8534,7.5003,1.4292,2.3263,0.0,***,1012,1000
tam,Tamil,CHRF,EchoRefine_Hybrid,mBART,49.1319,47.7552,1.3766,6.505,0.9574,1.7906,0.0,***,1012,1000
tam,Tamil,CHRF,EchoRefine_Hybrid,Llama_ZS,49.1319,52.2937,-3.1618,11.4104,-3.874,-2.4783,0.0,***,1012,1000
tam,Tamil,CHRF,EchoRefine_Hybrid,Llama_Direct,49.1319,50.7088,-1.5769,11.7277,-2.2786,-0.8545,0.0,***,1012,1000
tam,Tamil,CHRF,EchoRefine_Hybrid,EchoRefine_Raw,49.1319,41.943,7.1889,11.3232,6.4962,7.9145,0.0,***,1012,1000
hin,Hindi,BLEU,EchoRefine_Hybrid,mBART,22.8915,19.6051,3.2865,9.8163,2.6729,3.9312,0.0,***,1012,1000
hin,Hindi,BLEU,EchoRefine_Hybrid,Llama_ZS,22.8915,27.8826,-4.9911,13.7888,-5.8096,-4.1084,0.0,***,1012,1000
hin,Hindi,BLEU,EchoRefine_Hybrid,Llama_Direct,22.8915,25.65,-2.7585,13.4097,-3.551,-1.9355,0.0,***,1012,1000
hin,Hindi,BLEU,EchoRefine_Hybrid,EchoRefine_Raw,22.8915,23.9296,-1.0381,9.3235,-1.5893,-0.4788,0.0,***,1012,1000
hin,Hindi,CHRF,EchoRefine_Hybrid,mBART,50.7907,47.0502,3.7405,8.6501,3.209,4.3196,0.0,***,1012,1000
hin,Hindi,CHRF,EchoRefine_Hybrid,Llama_ZS,50.7907,55.9602,-5.1695,10.3132,-5.7471,-4.5017,0.0,***,1012,1000
hin,Hindi,CHRF,EchoRefine_Hybrid,Llama_Direct,50.7907,53.3353,-2.5446,10.1273,-3.1921,-1.9266,0.0,***,1012,1000
hin,Hindi,CHRF,EchoRefine_Hybrid,EchoRefine_Raw,50.7907,51.9707,-1.18,7.4111,-1.6076,-0.7062,0.0,***,1012,1000
fra,French,BLEU,EchoRefine_Hybrid,mBART,43.1876,40.2175,2.9702,12.8596,2.1458,3.7787,0.0,***,1012,1000
fra,French,BLEU,EchoRefine_Hybrid,Llama_ZS,43.1876,45.3659,-2.1782,18.4651,-3.3511,-1.0452,0.0,***,1012,1000
fra,French,BLEU,EchoRefine_Hybrid,Llama_Direct,43.1876,44.3833,-1.1957,16.2762,-2.1221,-0.1229,0.028,*,1012,1000
fra,French,BLEU,EchoRefine_Hybrid,EchoRefine_Raw,43.1876,42.0215,1.1662,12.0419,0.4726,1.9265,0.0,***,1012,1000
fra,French,CHRF,EchoRefine_Hybrid,mBART,68.2634,66.1497,2.1137,8.374,1.6082,2.6425,0.0,***,1012,1000
fra,French,CHRF,EchoRefine_Hybrid,Llama_ZS,68.2634,70.3573,-2.0939,10.748,-2.7732,-1.4459,0.0,***,1012,1000
fra,French,CHRF,EchoRefine_Hybrid,Llama_Direct,68.2634,68.2685,-0.0052,10.6518,-0.6297,0.6593,0.968,,1012,1000
fra,French,CHRF,EchoRefine_Hybrid,EchoRefine_Raw,68.2634,67.2112,1.0521,7.6744,0.6388,1.5526,0.0,***,1012,1000
